--添加订单信息
use WK_20
go
insert into OutStockWK_20(Dnum,Glnum,id,Spname,Ctime,Status,Adr)
values	
(N'未发货暂无订单号',N'1346295',N'71685423',N'企鹅牌家庭扫把','2020-3-4','未发货',N'甘肃省兰州市西固区西湾')
insert into OutStockWK_20(Dnum,Glnum,id,Spname,Ctime,Status,Adr)
values
(N'未发货暂无订单号',N'1346295',N'71685423',N'戴林高分子节能电吹风','2020-1-15','未发货',N'甘肃省兰州市西固区西湾')
insert into OutStockWK_20(Dnum,Glnum,id,Spname,Ctime,Status,Adr)
values
(N'未发货暂无订单号',N'1346295',N'53475623',N'大米牌学家庭/宿舍便捷式台灯','2020-4-14','未发货',N'广东省东莞市环城北路田心村62号')
insert into OutStockWK_20(Dnum,Glnum,id,Spname,Ctime,Status,Adr)
values
(N'未发货暂无订单号',N'1324784',N'74596975',N'不锈钢铁腕铁筷子整套装','2020-4-1','未发货',N'山西省吕梁市方山县高家村榕下85号')
insert into OutStockWK_20(Dnum,Glnum,id,Spname,Ctime,Status,Adr)
values
(N'18389789697852445898',N'1324784',N'25697413',N'5cm超厚家用聚乙二醇案板','2020-5-12','已发货',N'浙江省宁波市宁海县梅林北路桃源小区7号楼')
insert into OutStockWK_20(Dnum,Glnum,id,Spname,Ctime,Status,Adr)
values
(N'18456889430551345678',N'1324784',N'25697413',N'美的手动压蒜神器','2020-5-23','已发货',N'浙江省宁波市宁海县梅林北路桃源小区7号楼')
insert into OutStockWK_20(Dnum,Glnum,id,Spname,Ctime,Status,Adr)
values
(N'未发货暂无订单号',N'1324784',N'25697413',N'正品萍果牌水果刀/削皮刀','2020-6-17','未发货',N'浙江省宁波市宁海县梅林北路桃源小区7号楼')
insert into OutStockWK_20(Dnum,Glnum,id,Spname,Ctime,Status,Adr)
values
(N'未发货暂无订单号',N'1365537',N'79534981',N'断电式保鲜膜','2020-6-12','未发货',N'山东省泰安市长青区临南镇孟辛乡樊店村34号')
insert into OutStockWK_20(Dnum,Glnum,id,Spname,Ctime,Status,Adr)
values
(N'12508978930564189668',N'1365537',N'75274565',N'利白无味一次性手套','2020-5-23','已发货',N'广西省贵港市武宣县二塘镇南四乡上桥村2号')
insert into OutStockWK_20(Dnum,Glnum,id,Spname,Ctime,Status,Adr)
values
(N'未发货暂无订单号',N'1365537',N'75274565',N'漂柔一次性口罩5只','2020-6-18','未发货',N'广西省贵港市武宣县二塘镇南四乡上桥村2号')
insert into OutStockWK_20(Dnum,Glnum,id,Spname,Ctime,Status,Adr)
values
(N'未发货暂无订单号',N'1495263',N'76532124',N'大天朝180天精致发酵乌酥啤酒','2020-6-28','未发货',N'上海市松江区民益路洞泾巷43号')
insert into OutStockWK_20(Dnum,Glnum,id,Spname,Ctime,Status,Adr)
values
(N'未发货暂无订单号',N'1495263',N'76532124',N'湾仔清凉碳酸饮料600ml*3罐装','2020-7-2','未发货',N'上海市松江区民益路洞泾巷43号')
insert into OutStockWK_20(Dnum,Glnum,id,Spname,Ctime,Status,Adr)
values
(N'12508978930564189668',N'1495263',N'75846942',N'特轮苏礼盒装','2020-7-14','已发货',N'福建省福州市永泰县清凉镇白云乡')
insert into OutStockWK_20(Dnum,Glnum,id,Spname,Ctime,Status,Adr)
values
(N'12509241994893846684',N'1495263',N'75846942',N'华天真品高粱酒50ml','2020-8-16','已发货',N'福建省福州市永泰县清凉镇白云乡')
insert into OutStockWK_20(Dnum,Glnum,id,Spname,Ctime,Status,Adr)
values
(N'19347389789360462772',N'1458762',N'79854512',N'Timall‌智能蓝牙音箱带720P屏幕','2020-7-14','已发货',N'山西省朔州市山阳县马亦庄乡古城镇枣林村')
insert into OutStockWK_20(Dnum,Glnum,id,Spname,Ctime,Status,Adr)
values
(N'未发货暂无订单号',N'1458762',N'79854512',N'美的的过功能网红超火空气炸锅','2020-7-31','未发货',N'山西省朔州市山阳县马亦庄乡古城镇枣林村')
insert into OutStockWK_20(Dnum,Glnum,id,Spname,Ctime,Status,Adr)
values
(N'15509241996893971754',N'1458762',N'72416842',N'国美帮人工智能全自动扫地机器人','2020-9-17','已发货',N'湖南省岳阳市禄口区黄沙街镇新塘村')
insert into OutStockWK_20(Dnum,Glnum,id,Spname,Ctime,Status,Adr)
values
(N'未发货暂无订单号',N'1458762',N'72416842',N'德帮宿舍低功耗节能饮水机','2020-10-12','未发货',N'湖南省岳阳市禄口区黄沙街镇新塘村')
go

--添加库存信息
use WK_20
go
insert into StockWK_20(Spnum,Glnum,Spname,Sptype,Price,Snum,Rkdate,Sdate)
values 
(N'65424' ,N'1346295',N'企鹅牌家庭扫把',N'日用百货','9.9','仓库1','2019-4-1','24')
insert into StockWK_20(Spnum,Glnum,Spname,Sptype,Price,Snum,Rkdate,Sdate)
values
(N'65424' ,N'1346295',N'戴林高分子节能电吹风',N'日用百货','78.8','仓库2','2019-6-3','36')
insert into StockWK_20(Spnum,Glnum,Spname,Sptype,Price,Snum,Rkdate,Sdate)
values
(N'34515' ,N'1346295',N'大米牌学家庭/宿舍便捷式台灯',N'日用百货','89.9','仓库1','2019-9-3','36')
insert into StockWK_20(Spnum,Glnum,Spname,Sptype,Price,Snum,Rkdate,Sdate)
values
(N'23565' ,N'1324784',N'不锈钢铁腕铁筷子整套装',N'厨房工具','7.6','仓库1','2019-8-10','24')
insert into StockWK_20(Spnum,Glnum,Spname,Sptype,Price,Snum,Rkdate,Sdate)
values
(N'45632' ,N'1324784',N'5cm超厚家用聚乙二醇案板',N'厨房工具','12.5','仓库2','2019-7-10','24')
insert into StockWK_20(Spnum,Glnum,Spname,Sptype,Price,Snum,Rkdate,Sdate)
values
(N'34563' ,N'1324784',N'美的手动压蒜神器',N'厨房工具','27.6','仓库2','2019-1-23','')
insert into StockWK_20(Spnum,Glnum,Spname,Sptype,Price,Snum,Rkdate,Sdate)
values
(N'89754' ,N'1324784',N'正品萍果牌水果刀/削皮刀',N'厨房工具','19.9','仓库1','2019-3-5','24')
insert into StockWK_20(Spnum,Glnum,Spname,Sptype,Price,Snum,Rkdate,Sdate)
values
(N'23454' ,N'1365537',N'一次性垃圾袋200个5卷装',N'一次性用品','9.9','仓库1','2019-12-19','24')
insert into StockWK_20(Spnum,Glnum,Spname,Sptype,Price,Snum,Rkdate,Sdate)
values
(N'45634' ,N'1365537',N'利白无味一次性手套',N'一次性用品','11.5','仓库2','2019-4-25','24')
insert into StockWK_20(Spnum,Glnum,Spname,Sptype,Price,Snum,Rkdate,Sdate)
values
(N'18443' ,N'1365537',N'漂柔一次性口罩5只',N'一次性用品','3.9','仓库2','2019-1-9','36')
insert into StockWK_20(Spnum,Glnum,Spname,Sptype,Price,Snum,Rkdate,Sdate)
values
(N'45626' ,N'1495263',N'大天朝180天精致发酵乌酥啤酒',N'乳饮酒水','128','仓库1','2019-12-31','12')
insert into StockWK_20(Spnum,Glnum,Spname,Sptype,Price,Snum,Rkdate,Sdate)
values
(N'34578' ,N'1495263',N'湾仔清凉碳酸饮料600ml*3罐装',N'乳饮酒水','9.8','仓库1','2020-3-19','12')
insert into StockWK_20(Spnum,Glnum,Spname,Sptype,Price,Snum,Rkdate,Sdate)
values
(N'87642' ,N'1495263',N'特轮苏礼盒装',N'乳饮酒水','20.6','仓库2','2020-2-25','12')
insert into StockWK_20(Spnum,Glnum,Spname,Sptype,Price,Snum,Rkdate,Sdate)
values
(N'34577' ,N'1495263',N'华天真品高粱酒500ml',N'乳饮酒水','98.9','仓库2','2020-7-28','12')
insert into StockWK_20(Spnum,Glnum,Spname,Sptype,Price,Snum,Rkdate,Sdate)
values
(N'34526' ,N'1458762',N'Timall‌智能蓝牙音箱带720P屏幕',N'电器数码','499.5','仓库1','2020-5-28','48')
insert into StockWK_20(Spnum,Glnum,Spname,Sptype,Price,Snum,Rkdate,Sdate)
values
(N'16373' ,N'1458762',N'美的的过功能网红超火空气炸锅',N'电器数码','118.5','仓库1','2019-9-17','48')
insert into StockWK_20(Spnum,Glnum,Spname,Sptype,Price,Snum,Rkdate,Sdate)
values
(N'34556' ,N'1458762',N'国美帮人工智能全自动扫地机器人',N'电器数码','238.8','仓库1','2020-6-13','48')
insert into StockWK_20(Spnum,Glnum,Spname,Sptype,Price,Snum,Rkdate,Sdate)
values
(N'23467' ,N'1458762',N'德帮宿舍低功耗节能饮水机',N'电器数码','89.9','仓库1','2020-8-18','48')
go

--添加5个管理员信息与表中
use WK_20
go
insert into AdiminiWK_20(Glnum,pwd,Number,Name,Sex,Tel,Stock)
values	
(N'1346295','123456','14528963',N'陈翰林',N'男','15247896523','仓库1')
insert into AdiminiWK_20(Glnum,pwd,Number,Name,Sex,Tel,Stock)
values
(N'1324784','123456','14521748',N'宋江',N'男','18974562341','仓库2')
insert into AdiminiWK_20(Glnum,pwd,Number,Name,Sex,Tel,Stock)
values
(N'1365537','123456','14525834',N'郑玲峰',N'女','13547896545','仓库1')
insert into AdiminiWK_20(Glnum,pwd,Number,Name,Sex,Tel,Stock)
values
(N'1495263','123456','14520582',N'张钟容',N'男','18097854563','仓库2')
insert into AdiminiWK_20(Glnum,pwd,Number,Name,Sex,Tel,Stock)
values
(N'1458762','123456','14529638',N'郭舒茵',N'女','18647592136','仓库1')
go	


--添加用户数据
use WK_20
go
insert into UserWK_20(id,Name,Sex,Tel,Brday,Lev,Adr)
values	
(N'76532124',N'陈思煌',N'男',N'15264785231','1987-5-12','3',N'上海市松江区民益路洞泾巷43号')
insert into UserWK_20(id,Name,Sex,Tel,Brday,Lev,Adr)
values
(N'25697413',N'陈蒲河',N'男',N'15439507987','2002-9-12','6',N'浙江省宁波市宁海县梅林北路桃源小区7号楼')
insert into UserWK_20(id,Name,Sex,Tel,Brday,Lev,Adr)
values
(N'53475623',N'严雨玲',N'女',N'18176512062','1999-7-8','2',N'广东省东莞市环城北路田心村62号')
insert into UserWK_20(id,Name,Sex,Tel,Brday,Lev,Adr)
values
(N'69326842',N'林雨涵',N'女',N'18665431228','2000-7-13','4',N'湖南省岳阳市禄口区黄沙街镇新塘村')
insert into UserWK_20(id,Name,Sex,Tel,Brday,Lev,Adr)
values
(N'75277613',N'王伯祥',N'男',N'13407526006','1989-5-26','3',N'广西省贵港市武宣县二塘镇南四乡上桥村2号')
insert into UserWK_20(id,Name,Sex,Tel,Brday,Lev,Adr)
values
(N'38626975',N'谢东新',N'男',N'13424953292','1989-3-22','2',N'山西省吕梁市方山县高家村榕下85号')
insert into UserWK_20(id,Name,Sex,Tel,Brday,Lev,Adr)
values
(N'89345423',N'胡家梁',N'男',N'15534168754','1993-6-12','3',N'甘肃省兰州市西固区西湾')
insert into UserWK_20(id,Name,Sex,Tel,Brday,Lev,Adr)
values
(N'54194512',N'吴镇明',N'男',N'15885051182','2001-3-12','4',N'山西省朔州市山阳县马亦庄乡古城镇枣林村')
insert into UserWK_20(id,Name,Sex,Tel,Brday,Lev,Adr)
values
(N'36274981',N'薛晓梓',N'女',N'15646541890','1997-2-6','2',N'山东省泰安市长青区临南镇孟辛乡樊店村34号')
insert into UserWK_20(id,Name,Sex,Tel,Brday,Lev,Adr)
values
(N'67346942',N'郑怀任',N'男',N'13489784551','2000-2-13','2',N'福建省福州市永泰县清凉镇白云乡')
go